{"music_volume":0.6671183705329895,"game_volume":0.5451673865318298}
